repositorio,clonagem,clonado,url
repositorio1,iniciada em 2023-04-28 13:51:55.766448,clonando repositorio1,https://github.com/apache/accumulo.git
repositorio2,iniciada em 2023-04-28 13:51:55.766811,clonando repositorio2,https://github.com/apache/calcite.git
repositorio3,iniciada em 2023-04-28 13:51:55.767166,clonando repositorio3,https://github.com/apache/cassandra.git
repositorio4,iniciada em 2023-04-28 13:51:55.767533,clonando repositorio4,https://github.com/apache/chukwa.git
repositorio5,iniciada em 2023-04-28 13:51:55.767912,clonando repositorio5,https://github.com/apache/jackrabbit.git
repositorio6,iniciada em 2023-04-28 13:51:55.768399,clonando repositorio6,https://github.com/FasterXML/jackson.git
repositorio7,iniciada em 2023-04-28 13:51:55.769227,clonando repositorio7,https://github.com/apache/jspwiki.git
repositorio8,iniciada em 2023-04-28 13:51:55.769777,clonando repositorio8,https://github.com/square/retrofit.git
repositorio9,iniciada em 2023-04-28 13:51:55.772217,clonando repositorio9,https://github.com/spring-projects/spring-boot.git
repositorio10,iniciada em 2023-04-28 13:51:55.772851,clonando repositorio10,https://github.com/apache/struts.git
repositorio11,iniciada em 2023-04-28 13:51:55.773479,clonando repositorio11,https://github.com/elastic/elasticsearch.git
repositorio12,iniciada em 2023-04-28 13:51:55.773952,clonando repositorio12,https://github.com/apache/jena.git
repositorio13,iniciada em 2023-04-28 13:51:55.775933,clonando repositorio13,https://github.com/apache/lucene-solr.git
repositorio14,iniciada em 2023-04-28 13:51:55.777230,clonando repositorio14,https://github.com/apache/tika.git
repositorio15,iniciada em 2023-04-28 13:51:55.778171,clonando repositorio15,https://github.com/apache/ant-ivy.git
repositorio16,iniciada em 2023-04-28 13:51:55.780901,clonando repositorio16,https://github.com/jenkinsci/jenkins.git
repositorio17,iniciada em 2023-04-28 13:51:55.788754,clonando repositorio17,https://github.com/spearce/jgit.git
repositorio18,iniciada em 2023-04-28 13:51:55.795493,clonando repositorio18,https://github.com/SeleniumHQ/selenium.git
repositorio19,iniciada em 2023-04-28 13:51:55.798913,clonando repositorio19,https://github.com/cbeust/testng.git
repositorio20,iniciada em 2023-04-28 13:51:55.800661,clonando repositorio20,https://github.com/apache/pdfbox.git
repositorio21,iniciada em 2023-04-28 13:51:55.807854,clonando repositorio21,https://github.com/apache/poi.git
repositorio22,iniciada em 2023-04-28 13:51:55.810925,clonando repositorio22,https://github.com/apache/xerces2-j.git
repositorio23,iniciada em 2023-04-28 13:51:55.813577,clonando repositorio23,https://github.com/apache/druid.git
repositorio24,iniciada em 2023-04-28 13:51:55.823533,clonando repositorio24,https://github.com/pgjdbc/pgjdbc.git
repositorio25,iniciada em 2023-04-28 13:51:55.826886,clonando repositorio25,https://github.com/apache/activemq.git
repositorio26,iniciada em 2023-04-28 13:51:56.025078,clonando repositorio26,https://github.com/apache/mina.git
repositorio27,iniciada em 2023-04-28 13:51:56.028069,clonando repositorio27,https://github.com/libgdx/libgdx.git
repositorio28,iniciada em 2023-04-28 13:51:56.129302,clonando repositorio28,https://github.com/alibaba/fastjson.git
repositorio29,iniciada em 2023-04-28 13:51:56.223195,clonando repositorio29,https://github.com/google/gson.git
repositorio30,iniciada em 2023-04-28 13:51:56.224215,clonando repositorio30,https://github.com/google/guava.git
